targetName	canonicalName	previousNames	nation	tier	type	attribute	oldValue	newValue	version	notes	trend	shipStatus	tags	sourceSheet
反击/反击B	反击	反击B	英国	6	战列舰	“维修小组”冷却时间	80秒	40秒	13.8	-	buff	released	released-ship	非测试舰船
雷霆	雷霆		欧洲	6	驱逐舰	主炮装填时间	6秒	5.6秒	13.8	-	buff	released	released-ship	非测试舰船
瑞凤	瑞凤		日本	6	航空母舰	雷区最大半径	1340米	1550米	13.8	水雷密度增加	buff	released	released-ship	非测试舰船
瑞凤	瑞凤		日本	6	航空母舰	轰炸机中队数量	8	9	13.8	-	buff	released	released-ship	非测试舰船
瑞凤	瑞凤		日本	6	航空母舰	火箭助推器	-	增加	13.8	-	buff	released	released-ship	非测试舰船
FR25	FR25		意大利	7	驱逐舰	主炮装填时间	5.8秒	5秒	13.8	-	buff	released	released-ship	非测试舰船
佛罗里达	佛罗里达		美国	7	战列舰	主炮装填时间	33.5秒	31秒	13.8	-	buff	released	released-ship	非测试舰船
科林伍德	科林伍德		英国	7	战列舰	舰舯侧板和甲板装甲	26mm	30mm	13.8	-	buff	released	released-ship	非测试舰船
雷霆	雷霆		欧洲	7	驱逐舰	对海隐蔽	7.2km	7.1km	13.8	其他类型隐蔽相应降低	buff	released	released-ship	非测试舰船
西姆斯/西姆斯B	西姆斯	西姆斯B	美国	7	驱逐舰	对海隐蔽	7.3km	7.2km	13.8	其他类型隐蔽相应降低	buff	released	released-ship	非测试舰船
彼得罗·巴格拉季昂	彼得罗·巴格拉季昂		苏联	8	巡洋舰	主炮装填时间	10秒	9秒	13.8	-	buff	released	released-ship	非测试舰船
博罗季诺	博罗季诺		苏联	8	战列舰	主炮装填时间	31秒	30秒	13.8	-	buff	released	released-ship	非测试舰船
飞龙	飞龙		日本	8	航空母舰	火箭助推器	-	增加	13.8	-	buff	released	released-ship	非测试舰船
飞龙	飞龙		日本	8	航空母舰	雷区最大半径	1670米	1880米	13.8	水雷密度增加	buff	released	released-ship	非测试舰船
飞龙	飞龙		日本	8	航空母舰	轰炸机中队数量	9	12	13.8	-	buff	released	released-ship	非测试舰船
弓张	弓张		日本	8	战列舰	AP穿深	-	增加5%	13.8	-	buff	released	released-ship	非测试舰船
巨像	巨像		英国	8	航空母舰	攻击机的散布圈	-	增加	13.8	-	nerf	released	released-ship	非测试舰船
巨像	巨像		英国	8	航空母舰	火箭弹发射精度	-	减少	13.8	-	nerf	released	released-ship	非测试舰船
巨像	巨像		英国	8	航空母舰	火箭弹标伤	3400	2800	13.8	-	nerf	released	released-ship	非测试舰船
前卫	前卫		英国	8	战列舰	主炮炮弹最大误差	-	减少	13.8	使用大型巡洋舰散布公式	buff	released	released-ship	非测试舰船
前卫	前卫		英国	8	战列舰	主炮炮弹弹着群系数	2	1.8	13.8	-	nerf	released	released-ship	非测试舰船
水牛城	水牛城		美国	8	巡洋舰	主炮装填时间	11秒	10秒	13.8	-	buff	released	released-ship	非测试舰船
西利旺义	西利旺义		泛亚	8	驱逐舰	主炮装填时间	4.8秒	4.3秒	13.8	-	buff	released	released-ship	非测试舰船
Z-44	Z-44		德国	9	驱逐舰	鱼雷装填时间	85秒	80秒	13.8	-	buff	released	released-ship	非测试舰船
ZF-6	ZF-6		德国	9	驱逐舰	主炮组180度回转时间	18秒	10秒	13.8	-	buff	released	released-ship	非测试舰船
ZF-6	ZF-6		德国	9	驱逐舰	主炮装填时间	4秒	3.8秒	13.8	-	buff	released	released-ship	非测试舰船
安达太良	安达太良		日本	9	战列舰	AP穿深	-	增加5%	13.8	-	buff	released	released-ship	非测试舰船
德雷克	德雷克		英国	9	巡洋舰	主炮装填时间	18秒	16.5秒	13.8	-	buff	released	released-ship	非测试舰船
菲利克斯·舒尔茨	菲利克斯·舒尔茨		德国	9	驱逐舰	鱼雷射程	12km	13.5km	13.8	-	buff	released	released-ship	非测试舰船
腓特烈大帝	腓特烈大帝		德国	9	战列舰	主炮装填时间	29秒	27.5秒	13.8	-	buff	released	released-ship	非测试舰船
哈尔福德	哈尔福德		美国	9	驱逐舰	对海隐蔽	7.5km	7.3km	13.8	其他类型隐蔽相应降低	buff	released	released-ship	非测试舰船
哈尔福德	哈尔福德		美国	9	驱逐舰	主炮装填时间	3.3秒	3秒	13.8	-	buff	released	released-ship	非测试舰船
剑	剑		日本	9	战列舰	回转半径	970米	800米	13.8	-	buff	released	released-ship	非测试舰船
剑	剑		日本	9	战列舰	方向舵换挡时间	16秒	12.3秒	13.8	-	buff	released	released-ship	非测试舰船
剑	剑		日本	9	战列舰	鱼雷发射角度	-	向前增加43度，向后增加10度	13.8	-	buff	released	released-ship	非测试舰船
剑	剑		日本	9	战列舰	船壳装甲	25mm	32mm	13.8	-	buff	released	released-ship	非测试舰船
剑	剑		日本	9	战列舰	“维修小组”消耗品可用次数	-	增加1次	13.8	-	buff	released	released-ship	非测试舰船
剑	剑		日本	9	战列舰	AP穿深	-	增加5%	13.8	-	buff	released	released-ship	非测试舰船
兰布罗斯·卡措尼斯	兰布罗斯·卡措尼斯		欧洲	9	驱逐舰	对海隐蔽	8.9km	8.6km	13.8	其他类型隐蔽相应降低	buff	released	released-ship	非测试舰船
兰布罗斯·卡措尼斯	兰布罗斯·卡措尼斯		欧洲	9	驱逐舰	主炮装填时间	4.4秒	4秒	13.8	-	buff	released	released-ship	非测试舰船
兰布罗斯·卡措尼斯	兰布罗斯·卡措尼斯		欧洲	9	驱逐舰	鱼雷装填时间	68秒	58秒	13.8	-	buff	released	released-ship	非测试舰船
路易九世	路易九世		法国	9	巡洋舰	主炮装填时间	10.5秒	10秒	13.8	-	buff	released	released-ship	非测试舰船
普鲁士	普鲁士		德国	9	战列舰	远程秒伤	140	189	13.8		buff	released	released-ship	非测试舰船
狮	狮		英国	9	战列舰	主炮炮弹弹着群系数	1.85	1.9	13.8	-	buff	released	released-ship	非测试舰船
狮	狮		英国	9	战列舰	主炮装填时间	29秒	28秒	13.8	-	buff	released	released-ship	非测试舰船
塔尔萨	塔尔萨		美国	9	巡洋舰	主炮射程	14.9km	15.3km	13.8	-	buff	released	released-ship	非测试舰船
塔尔萨	塔尔萨		美国	9	巡洋舰	主炮装填时间	5.8秒	5.5秒	13.8	-	buff	released	released-ship	非测试舰船
乌达洛伊	乌达洛伊		苏联	9	驱逐舰	对海隐蔽	8.8km	7.6km	13.8	其他类型隐蔽相应降低	buff	released	released-ship	非测试舰船
西雅图	西雅图		美国	9	巡洋舰	主炮组180度回转时间	22.5秒	12秒	13.8	-	buff	released	released-ship	非测试舰船
西雅图	西雅图		美国	9	巡洋舰	主炮装填时间	6.5秒	5.9秒	13.8	-	buff	released	released-ship	非测试舰船
依阿华	依阿华		美国	9	战列舰	主炮装填时间	30秒	29秒	13.8	-	buff	released	released-ship	非测试舰船
丰后	丰后		日本	10	战列舰	AP穿深	-	增加5%	13.8	-	buff	released	released-ship	非测试舰船
亨利四世	亨利四世		法国	10	巡洋舰	“引擎增压”消耗品参数	-	加速和减速更快	13.8	-	buff	released	released-ship	非测试舰船
梅克伦堡	梅克伦堡		德国	10	战列舰	远程秒伤	165	224	13.8	-	buff	released	released-ship	非测试舰船
梅克伦堡	梅克伦堡		德国	10	战列舰	一次齐射炮弹爆炸数	8	9	13.8	-	buff	released	released-ship	非测试舰船
梅克伦堡	梅克伦堡		德国	10	战列舰	炮弹爆炸伤害	1610	1680	13.8	-	buff	released	released-ship	非测试舰船
普利茅斯	普利茅斯		英国	10	巡洋舰	主炮组180度回转时间	22.5秒	15秒	13.8	-	buff	released	released-ship	非测试舰船
普鲁士	普鲁士		德国	10	战列舰	远程秒伤	140	189	13.8	-	buff	released	released-ship	非测试舰船
普鲁士	普鲁士		德国	10	战列舰	一次齐射炮弹爆炸数	6	8	13.8	-	buff	released	released-ship	非测试舰船
普鲁士	普鲁士		德国	10	战列舰	炮弹爆炸伤害	1610	1680	13.8	-	buff	released	released-ship	非测试舰船
汉诺威	汉诺威		德国	11	战列舰	远程秒伤	221	298	13.8	-	buff	released	released-ship	非测试舰船
汉诺威	汉诺威		德国	11	战列舰	一次齐射炮弹爆炸数	9	11	13.8	-	buff	released	released-ship	非测试舰船
汉诺威	汉诺威		德国	11	战列舰	炮弹爆炸伤害	1610	1680	13.8	-	nerf	released	released-ship	非测试舰船
克劳塞维茨	克劳塞维茨		德国	11	巡洋舰	远程秒伤	140	189	13.8	-	buff	released	released-ship	非测试舰船
克劳塞维茨	克劳塞维茨		德国	11	巡洋舰	一次齐射炮弹爆炸数	6	8	13.8	-	buff	released	released-ship	非测试舰船
克劳塞维茨	克劳塞维茨		德国	11	巡洋舰	炮弹爆炸伤害	1610	1680	13.8	-	buff	released	released-ship	非测试舰船
萨摩	萨摩		日本	11	战列舰	远程秒伤	161	326	13.8	-	buff	released	released-ship	非测试舰船
萨摩	萨摩		日本	11	战列舰	一次齐射炮弹爆炸数	7	12	13.8	-	buff	released	released-ship	非测试舰船
萨摩	萨摩		日本	11	战列舰	炮弹爆炸伤害	1400	1540	13.8	-	buff	released	released-ship	非测试舰船
虎59	虎59		英国	8	巡洋舰	射击模式	标准单轮开火	全循环弹夹（全装17S，单次1.05S，8次）	13.8	-	buff	released	released-ship	非测试舰船
虎59	虎59		英国	8	巡洋舰	散布圈	埃尔宾精度	普通巡洋精度	13.8	-	nerf	released	released-ship	非测试舰船
诺维克	诺维克		苏联	2	巡洋舰	AP炮弹	已存在	移除	13.10	-	nerf	released	released-ship	非测试舰船
诺维克	诺维克		苏联	2	巡洋舰	主炮装填时间	5秒	4.5秒	13.10	-	buff	released	released-ship	非测试舰船
守卫	守卫		苏联	2	驱逐舰	AP炮弹	已存在	移除	13.10	-	nerf	released	released-ship	非测试舰船
守卫	守卫		苏联	2	驱逐舰	“引擎增压”消耗品	已存在	移除	13.10	-	nerf	released	released-ship	非测试舰船
守卫	守卫		苏联	2	驱逐舰	主炮组180度回转速度	15.7秒	10秒	13.10	-	buff	released	released-ship	非测试舰船
守卫	守卫		苏联	2	驱逐舰	鱼雷射程	4	6	13.10	-	buff	released	released-ship	非测试舰船
博加特里	博加特里		苏联	3	巡洋舰	AP炮弹	已存在	移除	13.10	-	nerf	released	released-ship	非测试舰船
博加特里	博加特里		苏联	3	巡洋舰	主炮装填时间	8秒	7.5秒	13.10	-	buff	released	released-ship	非测试舰船
博加特里	博加特里		苏联	3	巡洋舰	“维修小组”消耗品	未存在	新增	13.10	-	buff	released	released-ship	非测试舰船
无理	无理		苏联	3	驱逐舰	AP炮弹	已存在	移除	13.10	-	nerf	released	released-ship	非测试舰船
无理	无理		苏联	3	驱逐舰	主炮组180度回转速度	15.7秒	10秒	13.10	-	buff	released	released-ship	非测试舰船
无理	无理		苏联	3	驱逐舰	鱼雷射程	4	6	13.10	-	buff	released	released-ship	非测试舰船
斯维特拉那	斯维特拉那		苏联	4	巡洋舰	AP炮弹	已存在	移除	13.10	-	nerf	released	released-ship	非测试舰船
斯维特拉那	斯维特拉那		苏联	4	巡洋舰	主炮装填时间	8.5秒	7.5秒	13.10	-	buff	released	released-ship	非测试舰船
斯维特拉那	斯维特拉那		苏联	4	巡洋舰	“维修小组”消耗品	未存在	新增	13.10	-	buff	released	released-ship	非测试舰船
伊贾斯拉夫	伊贾斯拉夫		苏联	4	驱逐舰	AP炮弹	已存在	移除	13.10	-	nerf	released	released-ship	非测试舰船
伊贾斯拉夫	伊贾斯拉夫		苏联	4	驱逐舰	主炮组180度回转速度	15.7秒	10秒	13.10	-	buff	released	released-ship	非测试舰船
伊贾斯拉夫	伊贾斯拉夫		苏联	4	驱逐舰	鱼雷射程	5	6.5	13.10	-	buff	released	released-ship	非测试舰船
巴铎夫斯基	巴铎夫斯基		苏联	5	驱逐舰	AP炮弹	已存在	移除	13.10	-	nerf	released	released-ship	非测试舰船
巴铎夫斯基	巴铎夫斯基		苏联	5	驱逐舰	鱼雷射程	4	7	13.10	-	buff	released	released-ship	非测试舰船
巴铎夫斯基	巴铎夫斯基		苏联	5	驱逐舰	鱼雷航速	65节	55节	13.10	-	nerf	released	released-ship	非测试舰船
巴铎夫斯基	巴铎夫斯基		苏联	5	驱逐舰	鱼雷被侦察范围	1.3	1.1	13.10	-	buff	released	released-ship	非测试舰船
巴铎夫斯基	巴铎夫斯基		苏联	5	驱逐舰	主炮组180度回转速度	18.6秒	10秒	13.10	-	buff	released	released-ship	非测试舰船
巴铎夫斯基	巴铎夫斯基		苏联	5	驱逐舰	“维修小组”消耗品	未存在	新增	13.10	-	buff	released	released-ship	非测试舰船
巴铎夫斯基	巴铎夫斯基		苏联	5	驱逐舰	“引擎增压”消耗品	已存在	可用次数减少1次	13.10	-	nerf	released	released-ship	非测试舰船
巴铎夫斯基	巴铎夫斯基		苏联	5	驱逐舰	“发烟器”消耗品	已存在	可用次数减少1次	13.10	-	nerf	released	released-ship	非测试舰船
彼得大帝	彼得大帝		苏联	5	战列舰	主炮装填时间	33秒	30秒	13.10	-	buff	released	released-ship	非测试舰船
科托夫斯基	科托夫斯基		苏联	5	巡洋舰	主炮装填时间	8.2秒	7.5秒	13.10	-	buff	released	released-ship	非测试舰船
科托夫斯基	科托夫斯基		苏联	5	巡洋舰	“维修小组”消耗品	未存在	新增	13.10	增强过装甲区和舰体所受伤害恢复率	buff	released	released-ship	非测试舰船
布琼尼	布琼尼		苏联	6	巡洋舰	“维修小组”消耗品	未存在	新增	13.10	增强过装甲区和舰体所受伤害恢复率	buff	released	released-ship	非测试舰船
愤怒	愤怒		苏联	6	驱逐舰	鱼雷射程	4	7	13.10	-	buff	released	released-ship	非测试舰船
愤怒	愤怒		苏联	6	驱逐舰	鱼雷航速	70节	55节	13.10	-	nerf	released	released-ship	非测试舰船
愤怒	愤怒		苏联	6	驱逐舰	鱼雷被侦察范围	1.3	1.1	13.10	-	buff	released	released-ship	非测试舰船
愤怒	愤怒		苏联	6	驱逐舰	鱼雷标伤	13860	13266	13.10	-	nerf	released	released-ship	非测试舰船
愤怒	愤怒		苏联	6	驱逐舰	鱼雷进水率	2.5	2.4	13.10	-	nerf	released	released-ship	非测试舰船
愤怒	愤怒		苏联	6	驱逐舰	主炮组180度回转速度	18.6秒	10秒	13.10	-	buff	released	released-ship	非测试舰船
愤怒	愤怒		苏联	6	驱逐舰	“维修小组”消耗品	未存在	新增	13.10	-	buff	released	released-ship	非测试舰船
愤怒	愤怒		苏联	6	驱逐舰	“引擎增压”消耗品	已存在	可用次数减少1次	13.10	-	nerf	released	released-ship	非测试舰船
愤怒	愤怒		苏联	6	驱逐舰	“发烟器”消耗品	已存在	可用次数减少1次	13.10	-	nerf	released	released-ship	非测试舰船
伊兹梅尔	伊兹梅尔		苏联	6	战列舰	主炮组180度回转速度	60秒	45秒	13.10	-	buff	released	released-ship	非测试舰船
列宁格勒	列宁格勒		苏联	7	驱逐舰	主炮组180度回转速度	27.7秒	15.7秒	13.10	-	buff	released	released-ship	非测试舰船
明斯克	明斯克		苏联	7	驱逐舰	鱼雷射程	4	7.5	13.10	-	buff	released	released-ship	非测试舰船
明斯克	明斯克		苏联	7	驱逐舰	鱼雷航速	65节	55节	13.10	-	nerf	released	released-ship	非测试舰船
明斯克	明斯克		苏联	7	驱逐舰	鱼雷被侦察范围	1.3	1.1	13.10	-	buff	released	released-ship	非测试舰船
明斯克	明斯克		苏联	7	驱逐舰	鱼雷标伤	16566	13266	13.10	-	nerf	released	released-ship	非测试舰船
明斯克	明斯克		苏联	7	驱逐舰	鱼雷进水率	3.02	2.4	13.10	-	nerf	released	released-ship	非测试舰船
明斯克	明斯克		苏联	7	驱逐舰	主炮组180度回转速度	18.6秒	9秒	13.10	-	buff	released	released-ship	非测试舰船
明斯克	明斯克		苏联	7	驱逐舰	“维修小组”消耗品	未存在	新增	13.10	-	buff	released	released-ship	非测试舰船
明斯克	明斯克		苏联	7	驱逐舰	“引擎增压”消耗品	已存在	可用次数减少1次	13.10	-	nerf	released	released-ship	非测试舰船
明斯克	明斯克		苏联	7	驱逐舰	“发烟器”消耗品	已存在	可用次数减少1次	13.10	-	nerf	released	released-ship	非测试舰船
肖尔斯	肖尔斯		苏联	7	巡洋舰	“维修小组”消耗品	未存在	新增	13.10	增强过装甲区和舰体所受伤害恢复率	buff	released	released-ship	非测试舰船
基辅	基辅		苏联	8	驱逐舰	“发烟器”消耗品	已存在	移除	13.10	-	nerf	released	released-ship	非测试舰船
基辅	基辅		苏联	8	驱逐舰	舰舯侧板装甲	19mm	30mm	13.10	-	buff	released	released-ship	非测试舰船
基辅	基辅		苏联	8	驱逐舰	舰舯甲板装甲	19mm	25mm	13.10	-	buff	released	released-ship	非测试舰船
基辅	基辅		苏联	8	驱逐舰	主炮组180度回转速度	18.6秒	9秒	13.10	-	buff	released	released-ship	非测试舰船
恰巴耶夫	恰巴耶夫		苏联	8	巡洋舰	“维修小组”消耗品	未存在	新增	13.10	增强过装甲区和舰体所受伤害恢复率	buff	released	released-ship	非测试舰船
塔林	塔林		苏联	8	巡洋舰	“维修小组”消耗品	无	新增	13.10	-	buff	released	released-ship	非测试舰船
迪米特里·顿斯科伊	迪米特里·顿斯科伊		苏联	9	巡洋舰	“维修小组”消耗品	恢复率（50%/33%）	（60%/50%）	13.10	-	buff	released	released-ship	非测试舰船
塔什干	塔什干		苏联	9	驱逐舰	“发烟器”消耗品	已存在	移除	13.10	-	nerf	released	released-ship	非测试舰船
塔什干	塔什干		苏联	9	驱逐舰	舰舯侧板装甲	19mm	30mm	13.10	-	buff	released	released-ship	非测试舰船
塔什干	塔什干		苏联	9	驱逐舰	舰舯甲板装甲	19mm	25mm	13.10	-	buff	released	released-ship	非测试舰船
塔什干	塔什干		苏联	9	驱逐舰	主炮组180度回转速度	9秒	8秒	13.10	-	buff	released	released-ship	非测试舰船
塔什干	塔什干		苏联	9	驱逐舰	鱼雷射程	8	9	13.10	-	buff	released	released-ship	非测试舰船
德尔尼	德尔尼		苏联	10	驱逐舰	“发烟器”消耗品	已存在	移除	13.10	-	nerf	released	released-ship	非测试舰船
德尔尼	德尔尼		苏联	10	驱逐舰	舰舯甲板装甲	19mm	25mm	13.10	-	buff	released	released-ship	非测试舰船
德尔尼	德尔尼		苏联	10	驱逐舰	主炮组180度回转速度	9秒	8秒	13.10	-	buff	released	released-ship	非测试舰船
德尔尼	德尔尼		苏联	10	驱逐舰	鱼雷装填时间	129秒	115秒	13.10	-	buff	released	released-ship	非测试舰船
亚历山大·涅夫斯基	亚历山大·涅夫斯基		苏联	10	巡洋舰	“维修小组”消耗品	恢复率（50%/33%）	（60%/50%）	13.10	-	buff	released	released-ship	非测试舰船
佐尔基	佐尔基		苏联	11	驱逐舰	“发烟器”消耗品	已存在	移除	13.10	-	nerf	released	released-ship	非测试舰船
俄亥俄	俄亥俄		美国	10	战列舰	反潜空袭射程	6	11	13.3	-	buff	released	released-ship	非测试舰船
雷神	雷神		英国	10	战列舰	反潜空袭射程	6	11	13.3	-	buff	released	released-ship	非测试舰船
武藏	武藏		日本	9	战列舰	反潜空袭射程	5	10	13.3	-	buff	released	released-ship	非测试舰船
让·巴尔	让·巴尔		法国	9	战列舰	反潜空袭射程	5	10	13.3	-	buff	released	released-ship	非测试舰船
让·巴尔B	让·巴尔B		法国	9	战列舰	反潜空袭射程	5	10	13.3	-	buff	released	released-ship	非测试舰船
马萨诸塞	马萨诸塞		美国	8	战列舰	反潜空袭射程	5	10	13.3	-	buff	released	released-ship	非测试舰船
马萨诸塞B	马萨诸塞B		美国	8	战列舰	反潜空袭射程	5	10	13.3	-	buff	released	released-ship	非测试舰船
尤里乌斯·凯撒	尤里乌斯·凯撒		意大利	5	战列舰	反潜空袭射程	4	6	13.3	-	buff	released	released-ship	非测试舰船
德米特里·波扎尔斯基	德米特里·波扎尔斯基		苏联	8	巡洋舰	AP跳弹角度	标准	改善	13.3	-	buff	released	released-ship	非测试舰船
努曼西亚	努曼西亚		西班牙	8	巡洋舰	替代射击模式装填时间	39秒	32秒	13.3	-	buff	released	released-ship	非测试舰船
努曼西亚	努曼西亚		西班牙	8	巡洋舰	主炮射程	15.2	16.1	13.3	-	buff	released	released-ship	非测试舰船
安哈尔特	安哈尔特		德国	8	战列舰	主炮组180度回转时间	45秒	36秒	13.3	-	buff	released	released-ship	非测试舰船
安哈尔特	安哈尔特		德国	8	战列舰	鱼雷射程	6	10	13.3	-	buff	released	released-ship	非测试舰船
安哈尔特	安哈尔特		德国	8	战列舰	鱼雷装填时间	45秒	30秒	13.3	-	buff	released	released-ship	非测试舰船
汾阳	汾阳		泛亚	8	驱逐舰	主炮装填时间	4.4秒	3.3秒	13.3	-	buff	released	released-ship	非测试舰船
Ship Smasha	Ship Smasha		泛亚	8	驱逐舰	主炮装填时间	4.4秒	3.3秒	13.3	-	buff	released	released-ship	非测试舰船
载之	载之		泛亚	9	战列舰	AP标伤	13000	14500	13.3	-	buff	released	released-ship	非测试舰船
载之	载之		泛亚	9	战列舰	主炮炮弹弹着群系数	1.9	2	13.3	-	buff	released	released-ship	非测试舰船
马尔博罗	马尔博罗		英国	9	战列舰	主炮炮弹弹着群系数	1.45	1.6	13.3	-	buff	released	released-ship	非测试舰船
苏维埃俄罗斯	苏维埃俄罗斯		苏联	9	战列舰	主炮炮弹弹着群系数	1.8	1.9	13.3	-	buff	released	released-ship	非测试舰船
AL苏维埃俄罗斯	AL苏维埃俄罗斯		苏联	9	战列舰	主炮炮弹弹着群系数	1.8	1.9	13.3	-	buff	released	released-ship	非测试舰船
苏维埃俄罗斯	苏维埃俄罗斯		苏联	9	战列舰	主炮射程	19.4	22	13.3	-	buff	released	released-ship	非测试舰船
AL苏维埃俄罗斯	AL苏维埃俄罗斯		苏联	9	战列舰	主炮射程	19.4	22	13.3	-	buff	released	released-ship	非测试舰船
大连	大连		泛亚	9	巡洋舰	主炮射程	14.1	15.4	13.3	-	buff	released	released-ship	非测试舰船
大连	大连		泛亚	9	巡洋舰	主炮装填时间	5.2秒	5秒	13.3	-	buff	released	released-ship	非测试舰船
阿尔伯特国王	阿尔伯特国王		德国	3	战列舰	主炮射程	11.9	12.5	13.3	-	buff	released	released-ship	非测试舰船
三笠	三笠		日本	2	战列舰	主炮射程	11.8	12.5	13.3	-	buff	released	released-ship	非测试舰船
肥前	肥前		日本	9	战列舰	主炮装填时间	38秒	35秒	13.3	-	buff	released	released-ship	非测试舰船
肥前	肥前		日本	9	战列舰	主炮炮弹弹着群系数	1.7	1.8	13.3	-	buff	released	released-ship	非测试舰船
弗林特	弗林特		美国	7	巡洋舰	主炮射程	12.4	15	13.3	-	buff	released	released-ship	非测试舰船
安克雷奇	安克雷奇		美国	8	巡洋舰	主炮装填时间	14.5秒	13秒	13.3	-	buff	released	released-ship	非测试舰船
奥斯汀	奥斯汀		美国	10	巡洋舰	“主炮装填助推器”装填时间	125秒	90秒	13.3	-	buff	released	released-ship	非测试舰船
波尔塔瓦	波尔塔瓦		苏联	7	战列舰	主炮炮弹弹着群系数	1.7	1.8	13.3	-	buff	released	released-ship	非测试舰船
塞瓦斯托波尔	塞瓦斯托波尔		苏联	10	巡洋舰	主炮组180度回转时间	36秒	25秒	13.3	-	buff	released	released-ship	非测试舰船
塞瓦斯托波尔	塞瓦斯托波尔		苏联	10	巡洋舰	方向舵换挡时间	15.1秒	10秒	13.3	-	buff	released	released-ship	非测试舰船
塞瓦斯托波尔	塞瓦斯托波尔		苏联	10	巡洋舰	“重型维修小组”装填时间	180秒	140秒	13.3	-	buff	released	released-ship	非测试舰船
汉普郡	汉普郡		英国	8	巡洋舰	主炮组180度回转时间	22.5秒	15秒	13.3	-	buff	released	released-ship	非测试舰船
汉普郡	汉普郡		英国	8	巡洋舰	主炮装填时间	10秒	8秒	13.3	-	buff	released	released-ship	非测试舰船
卡诺	卡诺		法国	9	巡洋舰	主炮装填时间	25秒	22秒	13.3	-	buff	released	released-ship	非测试舰船
狮子	狮子		意大利	6	驱逐舰	主炮装填时间	9.5秒	8秒	13.3	-	buff	released	released-ship	非测试舰船
马可波罗	马可波罗		意大利	9	战列舰	主炮装填时间	36秒	33秒	13.3	-	buff	released	released-ship	非测试舰船
赫克托耳	赫克托耳		联邦	9	巡洋舰	主炮装填时间	6.7秒	5.7秒	13.3	-	buff	released	released-ship	非测试舰船
藏王	藏王		日本	10	巡洋舰	一号主炮可瞄准角度增加	-	向两侧增加7度	13.3	-	buff	released	released-ship	非测试舰船
藏王	藏王		日本	10	巡洋舰	四号主炮可瞄准角度增加	-	向两侧增加5度	13.3	-	buff	released	released-ship	非测试舰船
藏王	藏王		日本	10	巡洋舰	主炮组180度回转时间	30秒	22.5秒	13.3	-	buff	released	released-ship	非测试舰船
希佩尔上将	希佩尔上将		德国	8	巡洋舰	主炮装填时间	10秒	9秒	13.3	-	buff	released	released-ship	非测试舰船
拿骚	拿骚		德国	3	战列舰	基础舰炮火控系统主炮射程	10.8	12.2	13.3	-	buff	released	released-ship	非测试舰船
拿骚	拿骚		德国	3	战列舰	可研发舰炮火控系统主炮射程	11.9	13.4	13.3	-	buff	released	released-ship	非测试舰船
苏沃洛夫公爵	苏沃洛夫公爵		苏联	3	战列舰	基础舰炮火控系统主炮射程	11.5	12.2	13.3	-	buff	released	released-ship	非测试舰船
苏沃洛夫公爵	苏沃洛夫公爵		苏联	3	战列舰	可研发舰炮火控系统主炮射程	12.6	13.4	13.3	-	buff	released	released-ship	非测试舰船
尼诺·比西奥	尼诺·比西奥		意大利	2	巡洋舰	主炮装填时间	11秒	9.3秒	13.0	-	buff	released	released-ship	非测试舰船
塔兰托	塔兰托		意大利	3	巡洋舰	主炮装填时间	11.2秒	10秒	13.0	-	buff	released	released-ship	非测试舰船
阿尔贝托·迪·朱桑诺	阿尔贝托·迪·朱桑诺		意大利	4	巡洋舰	主炮装填时间	15秒	13秒	13.0	-	buff	released	released-ship	非测试舰船
海尔德兰	海尔德兰		荷兰	2	巡洋舰	主炮装填时间	8秒	6.5秒	13.0	-	buff	released	released-ship	非测试舰船
切斯特	切斯特		美国	2	巡洋舰	基础主炮装填时间	8秒	7秒	13.0	-	buff	released	released-ship	非测试舰船
切斯特	切斯特		美国	2	巡洋舰	可研发主炮装填时间	7秒	6秒	13.0	-	buff	released	released-ship	非测试舰船
切斯特	切斯特		美国	2	巡洋舰	主炮组180度回转时间	22.5秒	18秒	13.0	-	buff	released	released-ship	非测试舰船
南卡罗来纳	南卡罗来纳		美国	3	战列舰	主炮装填时间	30秒	28秒	13.0	-	buff	released	released-ship	非测试舰船
凤凰城	凤凰城		美国	4	巡洋舰	基础主炮装填时间	10秒	9.5秒	13.0	-	buff	released	released-ship	非测试舰船
凤凰城	凤凰城		美国	4	巡洋舰	可研发主炮装填时间	7秒	6.5秒	13.0	-	buff	released	released-ship	非测试舰船
怀俄明	怀俄明		美国	4	战列舰	主炮组180度回转时间	51.4秒	45秒	13.0	-	buff	released	released-ship	非测试舰船
筑摩	筑摩		日本	2	巡洋舰	主炮装填时间	11.5秒	9.5秒	13.0	-	buff	released	released-ship	非测试舰船
若竹	若竹		日本	3	驱逐舰	鱼雷装填时间	39秒	35.2秒	13.0	-	buff	released	released-ship	非测试舰船
河内	河内		日本	3	战列舰	基础射控模块主炮射程	9.9	13.3	13.0	-	buff	released	released-ship	非测试舰船
河内	河内		日本	3	战列舰	可研发射控模块主炮射程	10.9	14.6	13.0	-	buff	released	released-ship	非测试舰船
妙义	妙义		日本	4	战列舰	主炮装填时间	28秒	25秒	13.0	-	buff	released	released-ship	非测试舰船
门德斯·努涅斯	门德斯·努涅斯		西班牙	2	巡洋舰	主炮装填时间	10秒	9秒	13.0	-	buff	released	released-ship	非测试舰船
纳瓦拉	纳瓦拉		西班牙	3	巡洋舰	主炮装填时间	10秒	8.2秒	13.0	-	buff	released	released-ship	非测试舰船
塞韦拉海军上将	塞韦拉海军上将		西班牙	4	巡洋舰	主炮装填时间	13秒	12.5秒	13.0	-	buff	released	released-ship	非测试舰船
维森特·格雷罗	维森特·格雷罗		泛美	3	巡洋舰	主炮装填时间	10秒	8秒	13.0	-	buff	released	released-ship	非测试舰船
科尔贝格	科尔贝格		德国	3	巡洋舰	主炮装填时间	4秒	3.6秒	13.0	-	buff	released	released-ship	非测试舰船
卡尔斯鲁厄	卡尔斯鲁厄		德国	4	巡洋舰	主炮组180度回转时间	25.7秒	22.5秒	13.0	-	buff	released	released-ship	非测试舰船
毛奇	毛奇		德国	4	战列舰	主炮装填时间	30秒	28.5秒	13.0	-	buff	released	released-ship	非测试舰船
守卫	守卫		苏联	2	驱逐舰	主炮组180度回转时间	18.6秒	15.7秒	13.0	-	buff	released	released-ship	非测试舰船
无理	无理		苏联	3	驱逐舰	主炮组180度回转时间	18.6秒	15.7秒	13.0	-	buff	released	released-ship	非测试舰船
苏沃洛夫公爵	苏沃洛夫公爵		苏联	3	战列舰	主炮装填时间	36秒	33.5秒	13.0	-	buff	released	released-ship	非测试舰船
苏沃洛夫公爵	苏沃洛夫公爵		苏联	3	战列舰	主炮组180度回转时间	56.3秒	45秒	13.0	-	buff	released	released-ship	非测试舰船
博加特里	博加特里		苏联	3	巡洋舰	基础主炮组180度回转时间	36秒	22.5秒	13.0	-	buff	released	released-ship	非测试舰船
博加特里	博加特里		苏联	3	巡洋舰	可研发主炮组180度回转时间	36秒	18秒	13.0	-	buff	released	released-ship	非测试舰船
博加特里	博加特里		苏联	3	巡洋舰	可研发主炮装填时间	10秒	8秒	13.0	-	buff	released	released-ship	非测试舰船
阿芙乐尔	阿芙乐尔		苏联	3	巡洋舰	主炮组180度回转时间	32.7秒	22.5秒	13.0	-	buff	released	released-ship	非测试舰船
AL阿芙乐尔	AL阿芙乐尔		苏联	3	巡洋舰	主炮组180度回转时间	32.7秒	22.5秒	13.0	-	buff	released	released-ship	非测试舰船
瓦良格	瓦良格		苏联	3	巡洋舰	主炮组180度回转时间	30秒	22.5秒	13.0	-	buff	released	released-ship	非测试舰船
奥列格	奥列格		苏联	3	巡洋舰	主炮组180度回转时间	36秒	22.5秒	13.0	-	buff	released	released-ship	非测试舰船
伊贾斯拉夫	伊贾斯拉夫		苏联	4	驱逐舰	主炮组180度回转时间	18.6秒	15.7秒	13.0	-	buff	released	released-ship	非测试舰船
伊贾斯拉夫	伊贾斯拉夫		苏联	4	驱逐舰	主炮装填时间	5秒	4.7秒	13.0	-	buff	released	released-ship	非测试舰船
斯维特拉那	斯维特拉那		苏联	4	巡洋舰	主炮装填时间	10秒	8.5秒	13.0	-	buff	released	released-ship	非测试舰船
斯维特拉那	斯维特拉那		苏联	4	巡洋舰	基础主炮组180度回转时间	25.7秒	22.5秒	13.0	-	buff	released	released-ship	非测试舰船
斯维特拉那	斯维特拉那		苏联	4	巡洋舰	可研发主炮组180度回转时间	25.7秒	18秒	13.0	-	buff	released	released-ship	非测试舰船
甘古特	甘古特		苏联	4	战列舰	主炮装填时间	36秒	33.5秒	13.0	-	buff	released	released-ship	非测试舰船
甘古特	甘古特		苏联	4	战列舰	主炮组180度回转时间	56.3秒	45秒	13.0	-	buff	released	released-ship	非测试舰船
塔特拉	塔特拉		欧洲	2	驱逐舰	基础鱼雷装填时间	30秒	22秒	13.0	-	buff	released	released-ship	非测试舰船
塔特拉	塔特拉		欧洲	2	驱逐舰	可研发鱼雷装填时间	40秒	32秒	13.0	-	buff	released	released-ship	非测试舰船
罗慕路斯	罗慕路斯		欧洲	3	驱逐舰	鱼雷装填时间	40秒	32秒	13.0	-	buff	released	released-ship	非测试舰船
克拉斯·霍恩	克拉斯·霍恩		欧洲	4	驱逐舰	鱼雷装填时间	55秒	46秒	13.0	-	buff	released	released-ship	非测试舰船
杜伦尼	杜伦尼		法国	3	战列舰	主炮组180度回转时间	60秒	45秒	13.0	-	buff	released	released-ship	非测试舰船
杜伦尼	杜伦尼		法国	3	战列舰	基础射控模块主炮射程	11.3	12.7	13.0	-	buff	released	released-ship	非测试舰船
杜伦尼	杜伦尼		法国	3	战列舰	可研发射控模块主炮射程	12.5	14	13.0	-	buff	released	released-ship	非测试舰船
孤拔	孤拔		法国	4	战列舰	主炮组180度回转时间	60秒	45秒	13.0	-	buff	released	released-ship	非测试舰船
不倦	不倦		英国	3	战列舰	主炮装填时间	30秒	28秒	13.0	-	buff	released	released-ship	非测试舰船
柏勒罗丰	柏勒罗丰		英国	3	战列舰	主炮组180度回转时间	60秒	45秒	13.0	-	buff	released	released-ship	非测试舰船
玛丽女王	玛丽女王		英国	4	战列舰	基础射控模块主炮射程	13.2	13.7	13.0	-	buff	released	released-ship	非测试舰船
玛丽女王	玛丽女王		英国	4	战列舰	可研发射控模块主炮射程	14.5	15.1	13.0	-	buff	released	released-ship	非测试舰船
马克斯·殷麦曼	马克斯·殷麦曼		德国	10	航空母舰	HE炸弹伤害	11000	10500	12.10	弹跳轰炸机相关改动	nerf	released	released-ship	非测试舰船
马克斯·殷麦曼	马克斯·殷麦曼		德国	10	航空母舰	HE炸弹点火率	0.63	0.6	12.10	弹跳轰炸机相关改动	nerf	released	released-ship	非测试舰船
马克斯·殷麦曼	马克斯·殷麦曼		德国	10	航空母舰	弹跳轰炸机整备时间	64秒	66秒	12.10	弹跳轰炸机相关改动	nerf	released	released-ship	非测试舰船
路易九世	路易九世		法国	9	巡洋舰	主炮装填时间	11秒	10.5秒	12.10	-	buff	released	released-ship	非测试舰船
路易九世	路易九世		法国	9	巡洋舰	水面被探测距离	14.5	13.8	12.10	其他探测距离也相应降低	buff	released	released-ship	非测试舰船
大连	大连		泛亚	9	巡洋舰	鱼雷装填时间	90秒	85秒	12.10	-	buff	released	released-ship	非测试舰船
大连	大连		泛亚	9	巡洋舰	主炮射程	13.5	14.1	12.10	-	buff	released	released-ship	非测试舰船
瓦列霍	瓦列霍		美国	9	巡洋舰	装甲区伤害回复率	0.1	0.33	12.10	-	buff	released	released-ship	非测试舰船
努曼西亚	努曼西亚		西班牙	8	巡洋舰	主炮装填时间	11秒	10秒	12.10	-	buff	released	released-ship	非测试舰船
努曼西亚	努曼西亚		西班牙	8	巡洋舰	连发射击装填时间	42秒	39秒	12.10	-	buff	released	released-ship	非测试舰船
希佩尔上将	希佩尔上将		德国	8	巡洋舰	主炮装填时间	10.5秒	10秒	12.10	-	buff	released	released-ship	非测试舰船
希佩尔上将	希佩尔上将		德国	8	巡洋舰	水面被探测距离	13.8	13.5	12.10	其他探测距离也相应降低	buff	released	released-ship	非测试舰船
诺丁汉	诺丁汉		英国	8	巡洋舰	主炮装填时间	13秒	12秒	12.10	-	buff	released	released-ship	非测试舰船
安克雷奇	安克雷奇		美国	8	巡洋舰	主炮装填时间	15.5秒	14.5秒	12.10	-	buff	released	released-ship	非测试舰船
悟空	悟空		泛亚	8	巡洋舰	水底搜索与防空槽位	独立槽位	共用	12.10	-	nerf	released	released-ship	非测试舰船
彼得罗·巴格拉季昂	彼得罗·巴格拉季昂		苏联	8	巡洋舰	主炮装填时间	11秒	10秒	12.10	-	buff	released	released-ship	非测试舰船
彼得罗·巴格拉季昂	彼得罗·巴格拉季昂		苏联	8	巡洋舰	装甲区伤害回复率	0.1	0.33	12.10	-	buff	released	released-ship	非测试舰船
巴格拉季昂	巴格拉季昂		苏联	8	巡洋舰	主炮装填时间	11秒	10秒	12.10	-	buff	released	released-ship	非测试舰船
巴格拉季昂	巴格拉季昂		苏联	8	巡洋舰	装甲区伤害回复率	0.1	0.33	12.10	-	buff	released	released-ship	非测试舰船
鲑鱼	鲑鱼		美国	8	潜艇	鱼雷装填时间	42秒	45秒	12.10	可研发鱼雷相关改动	nerf	released	released-ship	非测试舰船
鲑鱼	鲑鱼		美国	8	潜艇	水面被探测距离	6	6.1	12.10	-	nerf	released	released-ship	非测试舰船
鲑鱼	鲑鱼		美国	8	潜艇	下潜能力	200	190	12.10	可研发舰体相关改动	nerf	released	released-ship	非测试舰船
科林伍德	科林伍德		英国	7	战列舰	维修小组装填时间	60秒	40秒	12.10	-	buff	released	released-ship	非测试舰船
科林伍德	科林伍德		英国	7	战列舰	装甲区伤害回复率	0.1	0.33	12.10	-	buff	released	released-ship	非测试舰船
声望	声望		英国	6	战列舰	主炮180度回转时间	45秒	30秒	12.10	-	buff	released	released-ship	非测试舰船
纽约	纽约		美国	5	战列舰	主炮装填时间	30.5秒	30秒	12.10	-	buff	released	released-ship	非测试舰船
无理	无理		苏联	3	驱逐舰	主炮射程	8.1	9.4	12.10	基本火炮射控系统改动	buff	released	released-ship	非测试舰船
通用	通用		日本	-	航母与混合舰艇	鱼雷轰炸机被探测距离	7.5	10	12.10	-	nerf	released	released-ship	非测试舰船
齐格飞	齐格飞		德国	9	巡洋舰	反潜空袭数据	不适用	标准化	12.10	级别标准化	buff	released	released-ship	非测试舰船
埃吉尔	埃吉尔		德国	9	巡洋舰	反潜空袭数据	不适用	标准化	12.10	级别标准化	buff	released	released-ship	非测试舰船
加泰罗尼亚	加泰罗尼亚		西班牙	8	巡洋舰	副炮炮弹伤害	1500	1800	12.10	-	buff	released	released-ship	非测试舰船
安达卢西亚	安达卢西亚		西班牙	9	巡洋舰	副炮炮弹伤害	1500	1800	12.10	-	buff	released	released-ship	非测试舰船
卡斯蒂利亚	卡斯蒂利亚		西班牙	10	巡洋舰	副炮炮弹伤害	1500	1800	12.10	-	buff	released	released-ship	非测试舰船
克里姆林	克里姆林					模块血量恢复	-	更符合标准的战舰	12.8	来自稀疏 Excel 行，建议人工复核	buff	released	released-ship	非测试舰船
克里斯托弗·哥伦布	克里斯托弗·哥伦布					每个方向增加了10度	0.611111111111111	-	12.8	来自稀疏 Excel 行，建议人工复核	buff	released	released-ship	非测试舰船
亨利四世	亨利四世		法国	10	巡洋舰	达到最高航速所需时间	60秒	40秒	12.8	前进时减少，后退时从40秒减少到20秒	buff	released	released-ship	非测试舰船
维托里奥·维内托	维托里奥·维内托		意大利	8	战列舰	火炮西格玛参数	1.7	1.85	12.8	-	buff	released	released-ship	非测试舰船
内布拉斯加	内布拉斯加		美国	8	战列舰	舰甲板装甲	32mm	38mm	12.8	-	buff	released	released-ship	非测试舰船
内布拉斯加	内布拉斯加		美国	8	战列舰	主炮组重新装填时间	30秒	28秒	12.8	-	buff	released	released-ship	非测试舰船
疾风	疾风		日本	10	驱逐舰	鱼雷再装填消耗品	公用槽位	单独插槽	12.8	带到单独插槽中	buff	released	released-ship	非测试舰船
阿尔瓦罗·巴赞	阿尔瓦罗·巴赞		西班牙	10	驱逐舰	炮塔旋转180度的时间	18秒	12秒	12.8	-	buff	released	released-ship	非测试舰船
贝尔法斯特’43	贝尔法斯特’43		英国	8	巡洋舰	主炮组重新装填时间	10秒	8.5秒	12.8	-	buff	released	released-ship	非测试舰船
加利福尼亚	加利福尼亚		美国	7	战列舰	主炮组重新装填时间	34.2秒	31秒	12.8	-	buff	released	released-ship	非测试舰船
加利福尼亚	加利福尼亚		美国	7	战列舰	炮塔旋转180度的时间	60秒	45秒	12.8	-	buff	released	released-ship	非测试舰船
安纳波利斯	安纳波利斯		美国	11	巡洋舰	主炮装填时间	5.5秒	5.8秒	13.11	-	nerf	released	released-ship	非测试舰船
安纳波利斯	安纳波利斯		美国	11	巡洋舰	连发齐射次数	3次	2次	13.11	-	nerf	released	released-ship	非测试舰船
安纳波利斯	安纳波利斯		美国	11	巡洋舰	所有齐射后的装填时间	40秒	26秒	13.11	-	buff	released	released-ship	非测试舰船
安纳波利斯	安纳波利斯		美国	11	巡洋舰	装甲区调整	-	改动	13.11	核心与外侧170mm装甲带缝隙取消，暴露侧舷更易击穿	nerf	released	released-ship	非测试舰船
孔代	孔代		法国	11	巡洋舰	主炮炮弹最大误差加成	-0.4	-0.2	13.11	-	buff	released	released-ship	非测试舰船
孔代	孔代		法国	11	巡洋舰	所有齐射后的装填时间	50秒	42秒	13.11	-	nerf	released	released-ship	非测试舰船
孔代	孔代		法国	11	巡洋舰	副炮HE炮弹穿深加成	有	无	13.11	-	nerf	released	released-ship	非测试舰船
毁灭	毁灭		英国	11	战列舰	对海隐蔽	16.2	15.8	13.11	其他隐蔽相应降低	nerf	released	released-ship	非测试舰船
毁灭	毁灭		英国	11	战列舰	主炮组180度回转时间	45秒	40秒	13.11	-	nerf	released	released-ship	非测试舰船
汉诺威	汉诺威		德国	11	战列舰	主炮装填时间	28秒	29秒	13.11	-	buff	released	released-ship	非测试舰船
赤龙	赤龙		日本	11	航空母舰	战术鱼雷机HP	2260	1900	13.11	-	buff	released	released-ship	非测试舰船
赤龙	赤龙		日本	11	航空母舰	战术攻击机整备时间	175秒	200秒	13.11	-	buff	released	released-ship	非测试舰船
佐尔基	佐尔基		苏联	11	驱逐舰	连发齐射次数	4次	3次	13.11	-	buff	released	released-ship	非测试舰船
佐尔基	佐尔基		苏联	11	驱逐舰	所有齐射后的装填时间	40秒	33秒	13.11	-	nerf	released	released-ship	非测试舰船
达拉纳	达拉纳		欧洲	11	驱逐舰	主炮装填时间	2.8秒	2.7秒	13.11	-	nerf	released	released-ship	非测试舰船
达拉纳	达拉纳		欧洲	11	驱逐舰	替代鱼雷射程	8	9	13.11	-	nerf	released	released-ship	非测试舰船
昆明	昆明		泛亚	11	驱逐舰	对海隐蔽	7.8	7.5	13.11	其他隐蔽相应降低	nerf	released	released-ship	非测试舰船
山雾	山雾		日本	11	驱逐舰	移除连发射击	有	无	13.11	-	buff	released	released-ship	非测试舰船
山雾	山雾		日本	11	驱逐舰	主炮装填时间	4.5秒	4秒	13.11	-	nerf	released	released-ship	非测试舰船
约书亚·汉弗莱斯	约书亚·汉弗莱斯		美国	11	驱逐舰	主炮全角度旋转	无360炮塔	有360炮塔	13.11	瞄准角度略有减小	nerf	released	released-ship	非测试舰船
约书亚·汉弗莱斯	约书亚·汉弗莱斯		美国	11	驱逐舰	射击机制	连发射击（F）3轮	常驻弹鼓射击2次	13.11	可补充弹夹机制，单次开火间隔1s，第一次3秒，第二次6秒	nerf	released	released-ship	非测试舰船
约书亚·汉弗莱斯	约书亚·汉弗莱斯		美国	11	驱逐舰	HE炮弹起火率	0.05	0.09	13.11	-	nerf	released	released-ship	非测试舰船
约书亚·汉弗莱斯	约书亚·汉弗莱斯		美国	11	驱逐舰	回转半径	750米	680米	13.11	-	nerf	released	released-ship	非测试舰船
约书亚·汉弗莱斯	约书亚·汉弗莱斯		美国	11	驱逐舰	方向舵换挡时间	5.1秒	3.7秒	13.11	-	nerf	released	released-ship	非测试舰船
约书亚·汉弗莱斯	约书亚·汉弗莱斯		美国	11	驱逐舰	鱼雷标伤	16533	17655	13.11	-	nerf	released	released-ship	非测试舰船
约书亚·汉弗莱斯	约书亚·汉弗莱斯		美国	11	驱逐舰	鱼雷进水率	3.01	3.23	13.11	-	nerf	released	released-ship	非测试舰船
约书亚·汉弗莱斯	约书亚·汉弗莱斯		美国	11	驱逐舰	“防御型对空火力”消耗品	和“引擎增压”同一栏位	移至单独栏	13.11	-	nerf	released	released-ship	非测试舰船
塔什干39	塔什干39		苏联	7	驱逐舰	对海隐蔽	8.4	8.1	25.2	-	buff	released	released-ship	非测试舰船
塔什干39	塔什干39		苏联	7	驱逐舰	鱼雷装填时间	100s	95s	25.2	-	buff	released	released-ship	非测试舰船
塔什干39	塔什干39		苏联	7	驱逐舰	鱼雷装填助推器冷却时间	300s	240s	25.2	-	buff	released	released-ship	非测试舰船
塔什干39	塔什干39		苏联	7	驱逐舰	鱼雷装填助推器装填时间	8s	5s	25.2	-	buff	released	released-ship	非测试舰船
塔什干39	塔什干39		苏联	7	驱逐舰	序列炸弹数量	6	12	25.2	-	buff	released	released-ship	非测试舰船
尼古拉斯	尼古拉斯		美国	5	驱逐舰	消耗品调整	-	“防御型对空火力”与“引擎增压”分栏	25.3	-	buff	released	released-ship	非测试舰船
尼古拉斯	尼古拉斯		美国	5	驱逐舰	二号主炮塔旋转角度	-	360°炮塔	25.3	开火角度增加2度	buff	released	released-ship	非测试舰船
法拉格特	法拉格特		美国	6	驱逐舰	消耗品调整	-	“防御型对空火力”与“引擎增压”分栏	25.3	-	buff	released	released-ship	非测试舰船
法拉格特	法拉格特		美国	6	驱逐舰	基础鱼雷射程	6.4	7.1	25.3	-	buff	released	released-ship	非测试舰船
法拉格特	法拉格特		美国	6	驱逐舰	二号主炮塔旋转角度	-	360°炮塔	25.3	-	buff	released	released-ship	非测试舰船
法拉格特	法拉格特		美国	6	驱逐舰	三号主炮塔旋转角度	-	360°炮塔	25.3	新增开火角度25度，新增死角	buff	released	released-ship	非测试舰船
法拉格特	法拉格特		美国	6	驱逐舰	四号主炮塔开火角度	-	-4°	25.3	避免与舰体重叠	nerf	released	released-ship	非测试舰船
马汉	马汉		美国	7	驱逐舰	消耗品调整	-	“防御型对空火力”与“引擎增压”分栏	25.3	-	buff	released	released-ship	非测试舰船
马汉	马汉		美国	7	驱逐舰	基础鱼雷射程	6.4	7.1	25.3	-	buff	released	released-ship	非测试舰船
马汉	马汉		美国	7	驱逐舰	对海隐蔽	7.4	7.3	25.3	其他隐蔽同步调整	buff	released	released-ship	非测试舰船
马汉	马汉		美国	7	驱逐舰	二号主炮塔旋转角度	-	360°炮塔	25.3	-	buff	released	released-ship	非测试舰船
本森	本森		美国	8	驱逐舰	消耗品调整	-	“防御型对空火力”与“引擎增压”分栏	25.3	-	buff	released	released-ship	非测试舰船
本森	本森		美国	8	驱逐舰	一号、二号、五号炮塔旋转	-	360°炮塔	25.3	-	buff	released	released-ship	非测试舰船
弗莱彻	弗莱彻		美国	9	驱逐舰	消耗品调整	-	“防御型对空火力”与“引擎增压”分栏	25.3	-	buff	released	released-ship	非测试舰船
弗莱彻	弗莱彻		美国	9	驱逐舰	一号、二号炮塔旋转角度	-	360°炮塔	25.3	-	buff	released	released-ship	非测试舰船
基林	基林		美国	10	驱逐舰	消耗品调整	-	“防御型对空火力”与“引擎增压”分栏	25.3	-	buff	released	released-ship	非测试舰船
基林	基林		美国	10	驱逐舰	一号主炮塔旋转角度	-	360°炮塔	25.3	开火角度增加4度	buff	released	released-ship	非测试舰船
基林	基林		美国	10	驱逐舰	二号主炮塔旋转角度	-	360°炮塔	25.3	开火角度增加6度	buff	released	released-ship	非测试舰船
基林	基林		美国	10	驱逐舰	三号主炮塔旋转角度	-	360°炮塔	25.3	-	buff	released	released-ship	非测试舰船
T-22	T-22		德国	5	驱逐舰	舰艇探测距离	4	5	25.3	“对海搜索”调整	buff	released	released-ship	非测试舰船
T-22	T-22		德国	5	驱逐舰	鱼雷探测距离	3	3.5	25.3	“对海搜索”调整	buff	released	released-ship	非测试舰船
恩斯特·盖德	恩斯特·盖德		德国	6	驱逐舰	舰艇探测距离	4	5	25.3	“对海搜索”调整	buff	released	released-ship	非测试舰船
恩斯特·盖德	恩斯特·盖德		德国	6	驱逐舰	鱼雷探测距离	3	3.5	25.3	“对海搜索”调整	buff	released	released-ship	非测试舰船
莱伯勒希特·马斯	莱伯勒希特·马斯		德国	7	驱逐舰	舰艇探测距离	4	5	25.3	“对海搜索”调整	buff	released	released-ship	非测试舰船
莱伯勒希特·马斯	莱伯勒希特·马斯		德国	7	驱逐舰	鱼雷探测距离	3	3.5	25.3	“对海搜索”调整	buff	released	released-ship	非测试舰船
莱伯勒希特·马斯	莱伯勒希特·马斯		德国	7	驱逐舰	对海隐蔽	7.5	7.3	25.3	其他隐蔽同步调整	buff	released	released-ship	非测试舰船
Z-23	Z-23		德国	8	驱逐舰	“对海搜索”作用时间	100s	110s	25.3	“对海搜索”调整	buff	released	released-ship	非测试舰船
Z-23	Z-23		德国	8	驱逐舰	舰艇探测距离	5	5.5	25.3	“对海搜索”调整	buff	released	released-ship	非测试舰船
Z-23	Z-23		德国	8	驱逐舰	鱼雷探测距离	3.5	3.8	25.3	“对海搜索”调整	buff	released	released-ship	非测试舰船
Z-46	Z-46		德国	9	驱逐舰	“对海搜索”作用时间	100s	110s	25.3	“对海搜索”调整	buff	released	released-ship	非测试舰船
Z-46	Z-46		德国	9	驱逐舰	舰艇探测距离	5	5.5	25.3	“对海搜索”调整	buff	released	released-ship	非测试舰船
Z-46	Z-46		德国	9	驱逐舰	鱼雷探测距离	3.5	3.8	25.3	“对海搜索”调整	buff	released	released-ship	非测试舰船
Z-46	Z-46		德国	9	驱逐舰	主炮射程（基础火控）	10	10.6	25.3	-	buff	released	released-ship	非测试舰船
Z-46	Z-46		德国	9	驱逐舰	主炮射程（可研发）	11	11.7	25.3	-	buff	released	released-ship	非测试舰船
Z-52	Z-52		德国	10	驱逐舰	主炮射程	12.1	12.4	25.3	-	buff	released	released-ship	非测试舰船
Z-35	Z-35		德国	8	驱逐舰	消耗品调整	-	新增“引擎增压”至单独栏位	25.3	-	buff	released	released-ship	非测试舰船
Z-35	Z-35		德国	8	驱逐舰	鱼雷射程	6	7	25.3	-	buff	released	released-ship	非测试舰船
兴登堡	兴登堡		德国	10	巡洋舰	对海隐蔽	15.5	14.6	25.3	其他隐蔽同步调整	buff	released	released-ship	非测试舰船
奥恰科夫	奥恰科夫		苏联	8	巡洋舰	主炮射程	15.6	16.6	25.3	-	buff	released	released-ship	非测试舰船
奥恰科夫	奥恰科夫		苏联	8	巡洋舰	主炮装填时间	6s	5.4s	25.3	-	buff	released	released-ship	非测试舰船
博罗季诺	博罗季诺		苏联	8	战列舰	防空射程	5.8	6.9	25.3	-	buff	released	released-ship	非测试舰船
巴塔哥尼亚	巴塔哥尼亚		泛美	9	战列舰	主炮射程	20.6	21.6	25.3	-	buff	released	released-ship	非测试舰船
布里斯班	布里斯班		联邦	10	巡洋舰	主炮射程	15.8	16.6	25.3	-	buff	released	released-ship	非测试舰船
布里斯班	布里斯班		联邦	10	巡洋舰	主炮装填时间	5s	4.8s	25.3	-	buff	released	released-ship	非测试舰船
青叶	青叶		日本	6	巡洋舰	消耗品调整	-	新增“侦察机”至“战斗机”栏位	25.3	-	buff	released	released-ship	非测试舰船
妙高	妙高		日本	7	巡洋舰	消耗品调整	-	新增“侦察机”至“战斗机”栏位	25.3	-	buff	released	released-ship	非测试舰船
最上	最上		日本	8	巡洋舰	消耗品调整	-	新增“侦察机”至“战斗机”栏位	25.3	-	buff	released	released-ship	非测试舰船
耶格尔	耶格尔		欧洲	9	驱逐舰	对海隐蔽	6.7	6.8	25.3	其他隐蔽同步调整	nerf	released	released-ship	非测试舰船
耶格尔	耶格尔		欧洲	9	驱逐舰	鱼雷装填时间	85s	90s	25.3	-	nerf	released	released-ship	非测试舰船
耶格尔	耶格尔		欧洲	9	驱逐舰	主炮装填时间	4.3s	4.1s	25.3	-	buff	released	released-ship	非测试舰船
阿斯图里亚斯	阿斯图里亚斯		西班牙	7	巡洋舰	对海隐蔽	13.8	13	25.3	其他隐蔽同步调整	buff	released	released-ship	非测试舰船
瓦列霍	瓦列霍		美国	9	巡洋舰	消耗品调整	-	新增“发烟器”至单独栏位	25.3	作用时间：30s 烟雾扩散时间：127s 冷却时间：160s 可用次数：2次	buff	released	released-ship	非测试舰船
堪萨斯	堪萨斯		美国	8	战列舰	主炮炮弹弹着群系数	1.7	1.8	25.3	-	buff	released	released-ship	非测试舰船
明尼苏达	明尼苏达		美国	9	战列舰	主炮炮弹弹着群系数	1.8	1.9	25.3	-	buff	released	released-ship	非测试舰船
蒙大拿	蒙大拿		美国	10	战列舰	方向舵换挡时间	22.2s	18.6s	25.3	-	buff	released	released-ship	非测试舰船
